task,n_steps,score,result_status,task_goal,candidate_rows,FAILED_TRANSITION_ACK,LATER_FAILURE_ACK,LATER_SELF_CORRECTION,LOOP_LANGUAGE,NEAR_DUPLICATE_REASONING,REPEATED_ACTION,SELF_CORRECTION_EVIDENCE,STATIC_REPEATED_ACTION,UNSUCCESSFUL_TERMINAL_COMPLETION,traj_path,result_path
AcceptMeetingTask,7,1.0,success,Reply to Daniel's most recent email to tell him: 'I'll be there at 10:00 AM on Thursday.',0,,,,,,,,,,/Users/apigo/Desktop/Projects/QR-MW/traj_logs/seed_baseline/AcceptMeetingTask/traj.json,/Users/apigo/Desktop/Projects/QR-MW/traj_logs/seed_baseline/AcceptMeetingTask/result.txt
AdjustBrightnessMaximumTask,4,0.0,failure,Set the brightness to the maximum level.,1,,,,,,,,,1,/Users/apigo/Desktop/Projects/QR-MW/traj_logs/seed_baseline/AdjustBrightnessMaximumTask/traj.json,/Users/apigo/Desktop/Projects/QR-MW/traj_logs/seed_baseline/AdjustBrightnessMaximumTask/result.txt
AdjustBrightnessMinimumTask,7,1.0,success,Set the brightness to the minimum level.,0,,,,,,,,,,/Users/apigo/Desktop/Projects/QR-MW/traj_logs/seed_baseline/AdjustBrightnessMinimumTask/traj.json,/Users/apigo/Desktop/Projects/QR-MW/traj_logs/seed_baseline/AdjustBrightnessMinimumTask/result.txt
AdjustFontIconMaximumTask,8,1.0,success,Increase the font size and icons on your phone to the maximum setting.,2,1,1,,,,,,,,/Users/apigo/Desktop/Projects/QR-MW/traj_logs/seed_baseline/AdjustFontIconMaximumTask/traj.json,/Users/apigo/Desktop/Projects/QR-MW/traj_logs/seed_baseline/AdjustFontIconMaximumTask/result.txt
AdjustFontIconMinimumTask,11,1.0,success,Decrease the font size and icons on your phone to the minimum setting.,4,2,1,1,,,,1,,,/Users/apigo/Desktop/Projects/QR-MW/traj_logs/seed_baseline/AdjustFontIconMinimumTask/traj.json,/Users/apigo/Desktop/Projects/QR-MW/traj_logs/seed_baseline/AdjustFontIconMinimumTask/result.txt
BidFileRenameTask,33,0.0,failure,"将Download中前缀为bid_的文件, 按创建日期由早到晚，统一按照'bid_{序号}.{原扩展名}'进行重命名。",7,,,,,,6,,,1,/Users/apigo/Desktop/Projects/QR-MW/traj_logs/seed_baseline/BidFileRenameTask/traj.json,/Users/apigo/Desktop/Projects/QR-MW/traj_logs/seed_baseline/BidFileRenameTask/result.txt
CVEmailTask,10,0.0,failure,在Download内找到最近一个月下载的简历文件，把文件发送给HR_chen@gmail.com，标题为candidates_cv。,1,,,,,,,,,1,/Users/apigo/Desktop/Projects/QR-MW/traj_logs/seed_baseline/CVEmailTask/traj.json,/Users/apigo/Desktop/Projects/QR-MW/traj_logs/seed_baseline/CVEmailTask/result.txt
CancelMeetingTask,7,1.0,success,Could you reply to Daniel's most recent email to tell him I'll have to cancel the meeting on Thursday?,0,,,,,,,,,,/Users/apigo/Desktop/Projects/QR-MW/traj_logs/seed_baseline/CancelMeetingTask/traj.json,/Users/apigo/Desktop/Projects/QR-MW/traj_logs/seed_baseline/CancelMeetingTask/result.txt
CartInfoNotificationTask,20,0.0,failure,"Find the items awaiting shipment in TaoDian and send an SMS reminder to the recipient, including the product name and order number, with no other text.",2,,,,,,1,,,1,/Users/apigo/Desktop/Projects/QR-MW/traj_logs/seed_baseline/CartInfoNotificationTask/traj.json,/Users/apigo/Desktop/Projects/QR-MW/traj_logs/seed_baseline/CartInfoNotificationTask/result.txt
CartManagementTask,27,1.0,success,最近天气变冷了，请帮我从淘店app的购物车中删除所有短袖T恤衬衫。如果需要登录，可以通过短信验证码登录。,0,,,,,,,,,,/Users/apigo/Desktop/Projects/QR-MW/traj_logs/seed_baseline/CartManagementTask/traj.json,/Users/apigo/Desktop/Projects/QR-MW/traj_logs/seed_baseline/CartManagementTask/result.txt
ChangeWallpaperTask,8,1.0,success,Change the wallpaper to a photo from the album that features sunflowers.,0,,,,,,,,,,/Users/apigo/Desktop/Projects/QR-MW/traj_logs/seed_baseline/ChangeWallpaperTask/traj.json,/Users/apigo/Desktop/Projects/QR-MW/traj_logs/seed_baseline/ChangeWallpaperTask/result.txt
CheckCartPriceTask,45,0.0,failure,"Find the three most expensive items in the TaoDian app shopping cart and calculate their total price. Respond only with an integer representing the total price, with no other text.",18,,,6,,,9,6,,1,/Users/apigo/Desktop/Projects/QR-MW/traj_logs/seed_baseline/CheckCartPriceTask/traj.json,/Users/apigo/Desktop/Projects/QR-MW/traj_logs/seed_baseline/CheckCartPriceTask/result.txt
CheckConferenceAndSendSmsTask1,12,0.0,failure,"Check my calendar and send an SMS notification to Mia with the dates of my arrival and departure from Paris. The message should contain only the two dates in MM/DD/YYYY format, separated by a comma.",3,,,1,,,,1,,1,/Users/apigo/Desktop/Projects/QR-MW/traj_logs/seed_baseline/CheckConferenceAndSendSmsTask1/traj.json,/Users/apigo/Desktop/Projects/QR-MW/traj_logs/seed_baseline/CheckConferenceAndSendSmsTask1/result.txt
CheckConferenceAndSendSmsTask2,14,0.0,failure,"Check my calendar and send an SMS notification to Mia with the dates of my arrival and departure from Tokyo. The message should contain only the two dates in MM/DD/YYYY format, separated by a comma.",3,,,,,,2,,,1,/Users/apigo/Desktop/Projects/QR-MW/traj_logs/seed_baseline/CheckConferenceAndSendSmsTask2/traj.json,/Users/apigo/Desktop/Projects/QR-MW/traj_logs/seed_baseline/CheckConferenceAndSendSmsTask2/result.txt
CheckConferenceDurationTask,2,1.0,success,How many days of conference meetings did I schedule in October?,0,,,,,,,,,,/Users/apigo/Desktop/Projects/QR-MW/traj_logs/seed_baseline/CheckConferenceDurationTask/traj.json,/Users/apigo/Desktop/Projects/QR-MW/traj_logs/seed_baseline/CheckConferenceDurationTask/result.txt
CheckConferenceLocationTask,20,0.0,failure,"Check my email for the location of the MCFT conference hotel, then text the address to Tom (4456547865).Use Google maps to tell me how long it would take to walk from the MIT Stata center to there. Only response the time in minutes. No other text.",6,1,1,1,,,1,1,,1,/Users/apigo/Desktop/Projects/QR-MW/traj_logs/seed_baseline/CheckConferenceLocationTask/traj.json,/Users/apigo/Desktop/Projects/QR-MW/traj_logs/seed_baseline/CheckConferenceLocationTask/result.txt
CheckDeduplicatedEventsTask,2,1.0,success,"How many deduplicated events are there in the calendar, from October 20 to October 26?",2,,,1,,,,1,,,/Users/apigo/Desktop/Projects/QR-MW/traj_logs/seed_baseline/CheckDeduplicatedEventsTask/traj.json,/Users/apigo/Desktop/Projects/QR-MW/traj_logs/seed_baseline/CheckDeduplicatedEventsTask/result.txt
CheckDepartTimeTask,11,1.0,success,"Check if I've received an email about the depart time for the CoolHacks hackathon.If not, text Carl (345 6784 3456) 'Do you know what time we're leaving tomorrow?'",0,,,,,,,,,,/Users/apigo/Desktop/Projects/QR-MW/traj_logs/seed_baseline/CheckDepartTimeTask/traj.json,/Users/apigo/Desktop/Projects/QR-MW/traj_logs/seed_baseline/CheckDepartTimeTask/result.txt
CheckEventTimeTask,16,1.0,success,Check my email for the time of the Christmas party today. Set an alarm for one hour before then.,2,,,1,,,,1,,,/Users/apigo/Desktop/Projects/QR-MW/traj_logs/seed_baseline/CheckEventTimeTask/traj.json,/Users/apigo/Desktop/Projects/QR-MW/traj_logs/seed_baseline/CheckEventTimeTask/result.txt
CheckGithubInfoTask,50,0.0,failure,"Please check the number of stars and contributors on the AndroidWorld GitHub repository, then send an email to kevin_zhang@example.com with the subject line ""AndroidWorld Repository Stats"" and the following message body:
There are XXX stars and XXX contributors in the AndroidWorld repository.

Replace ""XXX"" with the actual numbers you find.",32,4,1,13,1,,7,13,,,/Users/apigo/Desktop/Projects/QR-MW/traj_logs/seed_baseline/CheckGithubInfoTask/traj.json,/Users/apigo/Desktop/Projects/QR-MW/traj_logs/seed_baseline/CheckGithubInfoTask/result.txt
CheckInterviewTimesTask,50,0.0,failure,Check my email for any job interviews I have in November.Set calendar events for each of them. Use the company name as the title and the interview time as the start and end time.,16,1,1,4,,,6,4,,,/Users/apigo/Desktop/Projects/QR-MW/traj_logs/seed_baseline/CheckInterviewTimesTask/traj.json,/Users/apigo/Desktop/Projects/QR-MW/traj_logs/seed_baseline/CheckInterviewTimesTask/result.txt
CheckInvoiceTask1,3,1.0,success,"Read the invoice PDF file in the download directory. The customer has notified that payment will be made 45 days after the due date. Please recalculate the total amount payable and respond with only a single number representing the total amount, with no other text.",2,,,1,,,,1,,,/Users/apigo/Desktop/Projects/QR-MW/traj_logs/seed_baseline/CheckInvoiceTask1/traj.json,/Users/apigo/Desktop/Projects/QR-MW/traj_logs/seed_baseline/CheckInvoiceTask1/result.txt
CheckInvoiceTask2,26,0.0,failure,Read the invoice PDF file in the download directory. The customer has notified that payment will be made 45 days after the due date. Please recalculate the total amount payable and forward the result number to the customer via Email.,13,1,,2,,,9,2,6,1,/Users/apigo/Desktop/Projects/QR-MW/traj_logs/seed_baseline/CheckInvoiceTask2/traj.json,/Users/apigo/Desktop/Projects/QR-MW/traj_logs/seed_baseline/CheckInvoiceTask2/result.txt
CheckInvoiceTask3,13,1.0,success,Read the invoice PDF file in the download directory. Send a SMS to Mia and report how many hours of the Consulting Services larger than Software Development hours.,2,,,1,,,,1,,,/Users/apigo/Desktop/Projects/QR-MW/traj_logs/seed_baseline/CheckInvoiceTask3/traj.json,/Users/apigo/Desktop/Projects/QR-MW/traj_logs/seed_baseline/CheckInvoiceTask3/result.txt
CheckPuchasedItem,6,1.0,success,"之前我给朋友在淘店上买了一双鞋，帮我看一下他脚多少尺码。请只回答一个整数, 不要返回任何其他文本.",0,,,,,,,,,,/Users/apigo/Desktop/Projects/QR-MW/traj_logs/seed_baseline/CheckPuchasedItem/traj.json,/Users/apigo/Desktop/Projects/QR-MW/traj_logs/seed_baseline/CheckPuchasedItem/result.txt
CheckRegistrationTask,13,1.0,success,"Check my email for Putnam registration confirmation.If no such email exists, email kathy@gmail.com asking about it with the subject 'Putnam Registration Confirmation'",7,,,3,,,1,3,,,/Users/apigo/Desktop/Projects/QR-MW/traj_logs/seed_baseline/CheckRegistrationTask/traj.json,/Users/apigo/Desktop/Projects/QR-MW/traj_logs/seed_baseline/CheckRegistrationTask/result.txt
CheckSetMeetTimeTask,30,0.0,failure,"Check my email for the date and time of my meeting with Carl.Then, set a one hour calendar event titled 'Board Meeting'",12,,,5,,,1,5,,1,/Users/apigo/Desktop/Projects/QR-MW/traj_logs/seed_baseline/CheckSetMeetTimeTask/traj.json,/Users/apigo/Desktop/Projects/QR-MW/traj_logs/seed_baseline/CheckSetMeetTimeTask/result.txt
ChromeSearchBeijingWeatherTask,9,1.0,success,Use Chrome to search for Beijing highest temperature today. ONLY give a integer number denoted Celsius degree.,2,,,1,,,,1,,,/Users/apigo/Desktop/Projects/QR-MW/traj_logs/seed_baseline/ChromeSearchBeijingWeatherTask/traj.json,/Users/apigo/Desktop/Projects/QR-MW/traj_logs/seed_baseline/ChromeSearchBeijingWeatherTask/result.txt
CloseFlightModeTask,4,1.0,success,Turn off device flight mode,0,,,,,,,,,,/Users/apigo/Desktop/Projects/QR-MW/traj_logs/seed_baseline/CloseFlightModeTask/traj.json,/Users/apigo/Desktop/Projects/QR-MW/traj_logs/seed_baseline/CloseFlightModeTask/result.txt
CountFileLinesTask,50,0.0,failure,"Check the file_1.txt inside the earliest zip file from July in the Downloads directory and count how many lines it contains. Respond only with an integer representing the line count, with no other text.",34,8,8,8,2,,1,8,,,/Users/apigo/Desktop/Projects/QR-MW/traj_logs/seed_baseline/CountFileLinesTask/traj.json,/Users/apigo/Desktop/Projects/QR-MW/traj_logs/seed_baseline/CountFileLinesTask/result.txt
DownloadSendReceiptTask,36,0.0,failure,"Look for a file in my email titled 'receipts.jpg' and download it.Then, send it to to treasurer@gmail.com with the subject 'Proof of purchase', the email should mention the total amount spent in the email.",8,1,,2,,,3,2,2,1,/Users/apigo/Desktop/Projects/QR-MW/traj_logs/seed_baseline/DownloadSendReceiptTask/traj.json,/Users/apigo/Desktop/Projects/QR-MW/traj_logs/seed_baseline/DownloadSendReceiptTask/result.txt
GoogleMapsAlibabaPhoneContactTask,21,1.0,success,"Find the phone number of Alibaba's Hangzhou headquarters on the google map, and based on that, create a new contact named Kevin Zhang with the company.",2,,,,,,2,,1,,/Users/apigo/Desktop/Projects/QR-MW/traj_logs/seed_baseline/GoogleMapsAlibabaPhoneContactTask/traj.json,/Users/apigo/Desktop/Projects/QR-MW/traj_logs/seed_baseline/GoogleMapsAlibabaPhoneContactTask/result.txt
GoogleMapsAlibabaSouthNeighborTask,13,1.0,success,Open Google Maps and find which company is directly south of Alibaba Hangzhou headquarters in Binjiang District. ONLY output the company name in English.,8,,,4,,,,4,,,/Users/apigo/Desktop/Projects/QR-MW/traj_logs/seed_baseline/GoogleMapsAlibabaSouthNeighborTask/traj.json,/Users/apigo/Desktop/Projects/QR-MW/traj_logs/seed_baseline/GoogleMapsAlibabaSouthNeighborTask/result.txt
GraduationMassEmailTask,50,0.0,failure,"Search up the UF academic calendar and find out the week that grades are due in the Spring 2026 semester.Then, set a calendar event at 6pm on the Saturday of that week titled 'Graduation Party'Search my email for the list of students graduating from the math department this year.Send an email to all the graduates with the subject 'Graduation Party' and body 'Don't forget about this year's graduation party! More details coming soon.' ",27,,,11,6,,2,11,,,/Users/apigo/Desktop/Projects/QR-MW/traj_logs/seed_baseline/GraduationMassEmailTask/traj.json,/Users/apigo/Desktop/Projects/QR-MW/traj_logs/seed_baseline/GraduationMassEmailTask/result.txt
InvoiceReceiptCopyAskUserTask,22,0.0,failure,在Download里找到11月内文件名包含invoice或者receipt的PDF复制进我专门用来收录发票和收据的文件夹。,11,,,,,,10,,10,1,/Users/apigo/Desktop/Projects/QR-MW/traj_logs/seed_baseline/InvoiceReceiptCopyAskUserTask/traj.json,/Users/apigo/Desktop/Projects/QR-MW/traj_logs/seed_baseline/InvoiceReceiptCopyAskUserTask/result.txt
InvoiceReceiptCopyTask,13,1.0,success,在Download里找到11月内文件名包含invoice或者receipt的PDF复制进Finance/invoice文件夹。,0,,,,,,,,,,/Users/apigo/Desktop/Projects/QR-MW/traj_logs/seed_baseline/InvoiceReceiptCopyTask/traj.json,/Users/apigo/Desktop/Projects/QR-MW/traj_logs/seed_baseline/InvoiceReceiptCopyTask/result.txt
ItemCheckoutTask,20,0.0,failure,帮我在淘店下单购物车里的iphone 15 pro，寄到浙江省杭州市余杭区阿里巴巴西溪C区，收件人张先生，收件人电话13800138000。如需登录，可以通过短信验证码。在支付页面让我操作,7,,,,,,6,,6,1,/Users/apigo/Desktop/Projects/QR-MW/traj_logs/seed_baseline/ItemCheckoutTask/traj.json,/Users/apigo/Desktop/Projects/QR-MW/traj_logs/seed_baseline/ItemCheckoutTask/result.txt
LocalFileManagementTask,50,0.0,failure,"I'm running out of space, can you check my files and delete zip files that are older than 1 year in my Download folder. Send myself on mattermost the list of deleted files just for record",49,2,1,13,,,30,13,6,,/Users/apigo/Desktop/Projects/QR-MW/traj_logs/seed_baseline/LocalFileManagementTask/traj.json,/Users/apigo/Desktop/Projects/QR-MW/traj_logs/seed_baseline/LocalFileManagementTask/result.txt
LocalFileManagementTask2,50,0.0,failure,"There are too many files in my download folder, can you check my files and compress files that are older than 1 year in a single `old_files.zip` file. Delete the files after compression. Send myself an email with the list of deleted files just for record",45,1,1,20,,,8,20,1,,/Users/apigo/Desktop/Projects/QR-MW/traj_logs/seed_baseline/LocalFileManagementTask2/traj.json,/Users/apigo/Desktop/Projects/QR-MW/traj_logs/seed_baseline/LocalFileManagementTask2/result.txt
MastodonAddBookmarkTask,37,0.0,failure,"In Mastodon, add all posts of user kitty that have #cats tag to bookmarks.",26,,,8,,,10,8,1,1,/Users/apigo/Desktop/Projects/QR-MW/traj_logs/seed_baseline/MastodonAddBookmarkTask/traj.json,/Users/apigo/Desktop/Projects/QR-MW/traj_logs/seed_baseline/MastodonAddBookmarkTask/result.txt
MastodonAddFeaturedHashtagsTask,50,0.0,failure,"On Mastodon, add some hashtags as my featured hashtags in my profile, add the hashtags: summerrain, nature, and photography.",31,1,1,10,7,,8,10,1,,/Users/apigo/Desktop/Projects/QR-MW/traj_logs/seed_baseline/MastodonAddFeaturedHashtagsTask/traj.json,/Users/apigo/Desktop/Projects/QR-MW/traj_logs/seed_baseline/MastodonAddFeaturedHashtagsTask/result.txt
MastodonAdjustTootsTask,50,0.0,failure,"On Mastodon, remove all bookmarks and add them as favorites, and boost all of them.",38,9,5,12,,,6,12,,,/Users/apigo/Desktop/Projects/QR-MW/traj_logs/seed_baseline/MastodonAdjustTootsTask/traj.json,/Users/apigo/Desktop/Projects/QR-MW/traj_logs/seed_baseline/MastodonAdjustTootsTask/result.txt
MastodonCalendarMultiMemosTask,27,0.0,failure,"On Mastodon, find lectures in the #openTalk hashtag for the current month, then add the lecture information (time, location, topic) to the calendar events. If the start time is within 10 days, set the reminder time to 1 day before. Otherwise, set the reminder time to 3 days before the start time.",5,,,2,,,,2,,1,/Users/apigo/Desktop/Projects/QR-MW/traj_logs/seed_baseline/MastodonCalendarMultiMemosTask/traj.json,/Users/apigo/Desktop/Projects/QR-MW/traj_logs/seed_baseline/MastodonCalendarMultiMemosTask/result.txt
MastodonChangeHeaderTask,7,1.0,success,"On Mastodon, replace my profile header with the tiger photo from my photo gallery.",0,,,,,,,,,,/Users/apigo/Desktop/Projects/QR-MW/traj_logs/seed_baseline/MastodonChangeHeaderTask/traj.json,/Users/apigo/Desktop/Projects/QR-MW/traj_logs/seed_baseline/MastodonChangeHeaderTask/result.txt
MastodonChangeLanguageTask,50,0.0,failure,"In Mastodon, set the language of the account to Chinese Simplified.",34,,,9,3,,17,9,,,/Users/apigo/Desktop/Projects/QR-MW/traj_logs/seed_baseline/MastodonChangeLanguageTask/traj.json,/Users/apigo/Desktop/Projects/QR-MW/traj_logs/seed_baseline/MastodonChangeLanguageTask/result.txt
MastodonConditionalFavoTask,41,1.0,success,"favorite all toots tagged “#dogs” on Mastodon, but do not add them to my favorite list if they are already in my favorite list or bookmark list.",25,2,2,3,,1,16,3,2,,/Users/apigo/Desktop/Projects/QR-MW/traj_logs/seed_baseline/MastodonConditionalFavoTask/traj.json,/Users/apigo/Desktop/Projects/QR-MW/traj_logs/seed_baseline/MastodonConditionalFavoTask/result.txt
MastodonCreateListTask,24,1.0,success,"Create a list called ""Family,"" only followed users can reply, and add my family members — Alex, Emma, and Jack",4,,,2,,,,2,,,/Users/apigo/Desktop/Projects/QR-MW/traj_logs/seed_baseline/MastodonCreateListTask/traj.json,/Users/apigo/Desktop/Projects/QR-MW/traj_logs/seed_baseline/MastodonCreateListTask/result.txt
MastodonCreateMemoTask,47,0.0,failure,"Find information under #openTalk on Mastodon about the topic of Urban Mobility lectures, then create a event on my calendar with time, location, and topic as title, and set a reminder 1 day before.",14,1,1,3,,,5,3,2,1,/Users/apigo/Desktop/Projects/QR-MW/traj_logs/seed_baseline/MastodonCreateMemoTask/traj.json,/Users/apigo/Desktop/Projects/QR-MW/traj_logs/seed_baseline/MastodonCreateMemoTask/result.txt
MastodonExportFollowsTask,50,0.0,failure,"In Mastodon, export my follows in settings and save it as my_following.csv.",30,,,12,1,,6,12,,,/Users/apigo/Desktop/Projects/QR-MW/traj_logs/seed_baseline/MastodonExportFollowsTask/traj.json,/Users/apigo/Desktop/Projects/QR-MW/traj_logs/seed_baseline/MastodonExportFollowsTask/result.txt
MastodonFavoriteTootsTask,33,1.0,success,"Search for toots tagged “#dogs” on Mastodon, favorite all of them.",14,,,1,1,,11,1,1,,/Users/apigo/Desktop/Projects/QR-MW/traj_logs/seed_baseline/MastodonFavoriteTootsTask/traj.json,/Users/apigo/Desktop/Projects/QR-MW/traj_logs/seed_baseline/MastodonFavoriteTootsTask/result.txt
MastodonFilterLanguageTask,50,0.0,failure,"On Mastodon, set up filters to only show posts in English, Japanese, and Chinese Simplified.",47,,,19,7,,20,19,,,/Users/apigo/Desktop/Projects/QR-MW/traj_logs/seed_baseline/MastodonFilterLanguageTask/traj.json,/Users/apigo/Desktop/Projects/QR-MW/traj_logs/seed_baseline/MastodonFilterLanguageTask/result.txt
MastodonFollowTask,50,0.0,failure,"Find Robert's nickname in Contacts, then search it on Mastodon, and follow him.",27,5,4,9,1,,2,9,2,,/Users/apigo/Desktop/Projects/QR-MW/traj_logs/seed_baseline/MastodonFollowTask/traj.json,/Users/apigo/Desktop/Projects/QR-MW/traj_logs/seed_baseline/MastodonFollowTask/result.txt
MastodonGetServerInfoTask,50,0.0,failure,"On mastodon, switch to owner account, then go to settings backend to query the database size, and post a toot to tell the result, use MB as the unit",33,3,2,12,,,9,12,2,,/Users/apigo/Desktop/Projects/QR-MW/traj_logs/seed_baseline/MastodonGetServerInfoTask/traj.json,/Users/apigo/Desktop/Projects/QR-MW/traj_logs/seed_baseline/MastodonGetServerInfoTask/result.txt
MastodonImportMutedUsersTask,20,0.0,failure,"In Mastodon, import my muted list from the file named 'muted_accounts.csv' in the Downloads directory.",7,,,2,,,3,2,,,/Users/apigo/Desktop/Projects/QR-MW/traj_logs/seed_baseline/MastodonImportMutedUsersTask/traj.json,/Users/apigo/Desktop/Projects/QR-MW/traj_logs/seed_baseline/MastodonImportMutedUsersTask/result.txt
MastodonInviteTask,50,0.0,failure,"Generate a one-person invite link that expires in one day, auto-follows me, and send it to my friend Leonard by SMS.",22,,,7,4,,7,7,1,,/Users/apigo/Desktop/Projects/QR-MW/traj_logs/seed_baseline/MastodonInviteTask/traj.json,/Users/apigo/Desktop/Projects/QR-MW/traj_logs/seed_baseline/MastodonInviteTask/result.txt
MastodonMallPurchaseCommodityTask,50,0.0,failure,"我在mastodon上关注的jack分享了一个商品,请你在淘店app下单购买2双同款，收货地址为：广东省广州市天河区华景新城，收货人李四，收货人电话13800139999。",8,,,,,,8,,,,/Users/apigo/Desktop/Projects/QR-MW/traj_logs/seed_baseline/MastodonMallPurchaseCommodityTask/traj.json,/Users/apigo/Desktop/Projects/QR-MW/traj_logs/seed_baseline/MastodonMallPurchaseCommodityTask/result.txt
MastodonMallShareOrderTask,22,0.0,failure,"在淘店中,找到我的订单中的手表商品,然后在mastodon发布一条推文介绍商品,内容包括商品名称,购买价格和商品图片。",1,,,,,,,,,1,/Users/apigo/Desktop/Projects/QR-MW/traj_logs/seed_baseline/MastodonMallShareOrderTask/traj.json,/Users/apigo/Desktop/Projects/QR-MW/traj_logs/seed_baseline/MastodonMallShareOrderTask/result.txt
MastodonManageHashtagsTask,15,1.0,success,"In Mastodon, unfollow the hashtags I followed before related to animals.",0,,,,,,,,,,/Users/apigo/Desktop/Projects/QR-MW/traj_logs/seed_baseline/MastodonManageHashtagsTask/traj.json,/Users/apigo/Desktop/Projects/QR-MW/traj_logs/seed_baseline/MastodonManageHashtagsTask/result.txt
MastodonManageMultiListTask,44,0.0,failure,"View my lists on Mastodon, delete all previously created lists, and create two new lists. One list named 'open' should allow only I followed users to reply and add users, whose username contains 'open'. Another list named 'cute' should allow only members of the list to reply, enable hide members in following, and add users, whose avatar is a dog or cat.",16,2,2,5,,,2,5,,1,/Users/apigo/Desktop/Projects/QR-MW/traj_logs/seed_baseline/MastodonManageMultiListTask/traj.json,/Users/apigo/Desktop/Projects/QR-MW/traj_logs/seed_baseline/MastodonManageMultiListTask/result.txt
MastodonMattermostPostNoticeTask,19,1.0,success,"Please help me sync the Security announcement from mike in the announcement channel on mattermost to mastodon, do not change the original content, the announcement is only visible to followers, and also @openCompany account.",0,,,,,,,,,,/Users/apigo/Desktop/Projects/QR-MW/traj_logs/seed_baseline/MastodonMattermostPostNoticeTask/traj.json,/Users/apigo/Desktop/Projects/QR-MW/traj_logs/seed_baseline/MastodonMattermostPostNoticeTask/result.txt
MastodonMultiInviteTask,50,0.0,failure,"Generate two invite links with different conditions. One with validity days of 1 day and max uses of 1, send it to my friend Leonard by SMS. Another with validity days of 7 days and auto-follow me, send it to my friend Ella by SMS.",24,2,2,4,4,,12,4,,,/Users/apigo/Desktop/Projects/QR-MW/traj_logs/seed_baseline/MastodonMultiInviteTask/traj.json,/Users/apigo/Desktop/Projects/QR-MW/traj_logs/seed_baseline/MastodonMultiInviteTask/result.txt
MastodonNewFilterTask,50,0.0,failure,"Add a new filter called “Anti-Spoiler-BCS”, use all the words from the text file named filter_BCS in the documents folder as blocked keywords, and set it to expire 5 days from today.",9,1,,4,,,3,4,,,/Users/apigo/Desktop/Projects/QR-MW/traj_logs/seed_baseline/MastodonNewFilterTask/traj.json,/Users/apigo/Desktop/Projects/QR-MW/traj_logs/seed_baseline/MastodonNewFilterTask/result.txt
MastodonNewPostTask,6,1.0,success,Open Mastodon app and post a new toot with the content 'Hello from AI agent!',0,,,,,,,,,,/Users/apigo/Desktop/Projects/QR-MW/traj_logs/seed_baseline/MastodonNewPostTask/traj.json,/Users/apigo/Desktop/Projects/QR-MW/traj_logs/seed_baseline/MastodonNewPostTask/result.txt
MastodonOpenAutomatedDeletionTask,8,0.0,failure,"In Mastodon, enable automatically delete old posts, only set pinned posts as expected, and set the age threshold to 7 days, Keep posts with at least 20 favs or 20 reblogs.",3,,,1,,,1,1,,,/Users/apigo/Desktop/Projects/QR-MW/traj_logs/seed_baseline/MastodonOpenAutomatedDeletionTask/traj.json,/Users/apigo/Desktop/Projects/QR-MW/traj_logs/seed_baseline/MastodonOpenAutomatedDeletionTask/result.txt
MastodonPinTootsTask,47,0.0,failure,"In Mastodon, pin the first post I published after creating the account to the top.",69,2,,30,17,,24,30,,,/Users/apigo/Desktop/Projects/QR-MW/traj_logs/seed_baseline/MastodonPinTootsTask/traj.json,/Users/apigo/Desktop/Projects/QR-MW/traj_logs/seed_baseline/MastodonPinTootsTask/result.txt
MastodonPostEditedPhotoTask,20,0.0,failure,"Select a random photo from the gallery, crop it to a 9:16 ratio, and post it with the tag #onePhoto.",9,1,,4,,,,4,,1,/Users/apigo/Desktop/Projects/QR-MW/traj_logs/seed_baseline/MastodonPostEditedPhotoTask/traj.json,/Users/apigo/Desktop/Projects/QR-MW/traj_logs/seed_baseline/MastodonPostEditedPhotoTask/result.txt
MastodonPostPollTask,32,0.0,failure,"Search on Google for the '2025 Nobel Prize in Economics' and use the names of the winners as the poll options. Post a poll on Mastodon with the hashtag '#vote2025', allowing multiple selections and lasting for one week.",9,1,,2,,,5,2,1,1,/Users/apigo/Desktop/Projects/QR-MW/traj_logs/seed_baseline/MastodonPostPollTask/traj.json,/Users/apigo/Desktop/Projects/QR-MW/traj_logs/seed_baseline/MastodonPostPollTask/result.txt
MastodonRemoveBookmarkTask,4,0.0,failure,"In Mastodon, remove the posts with #pets tag from bookmarks on my account.",2,,,1,,,,1,,,/Users/apigo/Desktop/Projects/QR-MW/traj_logs/seed_baseline/MastodonRemoveBookmarkTask/traj.json,/Users/apigo/Desktop/Projects/QR-MW/traj_logs/seed_baseline/MastodonRemoveBookmarkTask/result.txt
MastodonReplyTask,31,1.0,success,"Reply to the toot of gourmet user about Greek food Moussaka, and the reply content should be 'Nice sharing, i love it'.",12,1,1,5,,,,5,,,/Users/apigo/Desktop/Projects/QR-MW/traj_logs/seed_baseline/MastodonReplyTask/traj.json,/Users/apigo/Desktop/Projects/QR-MW/traj_logs/seed_baseline/MastodonReplyTask/result.txt
MastodonReportTask,45,0.0,failure,"Report Frank’s post about “the gas leak event” for spam, include the whole post content as the report reason, and block Frank after submitting the report.",31,,,8,4,,15,8,,1,/Users/apigo/Desktop/Projects/QR-MW/traj_logs/seed_baseline/MastodonReportTask/traj.json,/Users/apigo/Desktop/Projects/QR-MW/traj_logs/seed_baseline/MastodonReportTask/result.txt
MastodonRevisePhotoAltTask,16,1.0,success,"please check the ALT content of the picture in the toot i posted about 'Impression, Sunrise' in Mastodon, if the author Monet is not mentioned, please add 'Author is Monet' to the first line",4,2,,2,,,1,2,1,,/Users/apigo/Desktop/Projects/QR-MW/traj_logs/seed_baseline/MastodonRevisePhotoAltTask/traj.json,/Users/apigo/Desktop/Projects/QR-MW/traj_logs/seed_baseline/MastodonRevisePhotoAltTask/result.txt
MastodonRevisePollTask,50,0.0,failure,Edit my Mastodon poll about which country has the largest area by removing the option “USA” and changing the option “Brazil” to “Canada.,38,3,1,16,,,9,16,6,,/Users/apigo/Desktop/Projects/QR-MW/traj_logs/seed_baseline/MastodonRevisePollTask/traj.json,/Users/apigo/Desktop/Projects/QR-MW/traj_logs/seed_baseline/MastodonRevisePollTask/result.txt
MastodonSavePhotosTask,17,1.0,success,"Find the post that Alice published on October 5th on Mastodon, and save all the images to the phone.",5,1,1,1,,,1,1,,,/Users/apigo/Desktop/Projects/QR-MW/traj_logs/seed_baseline/MastodonSavePhotosTask/traj.json,/Users/apigo/Desktop/Projects/QR-MW/traj_logs/seed_baseline/MastodonSavePhotosTask/result.txt
MastodonServerInfoReportTask,50,0.0,failure,"switch to owner account in mastodon, then go to account backend to find the number of reports not tackled yet, and send the number as an email content in the format: ""Recent reports: xxx"" to owner@mastodon_example.com by email, the number should be in Arabic numerals.",32,3,3,6,1,,18,6,1,,/Users/apigo/Desktop/Projects/QR-MW/traj_logs/seed_baseline/MastodonServerInfoReportTask/traj.json,/Users/apigo/Desktop/Projects/QR-MW/traj_logs/seed_baseline/MastodonServerInfoReportTask/result.txt
MastodonShareLocationTask,6,,missing,"Search for the location Eiffel Tower on Google Map, and share the link to Mastodon, add the Eiffel Tower image in my photo gallery, then post it.",0,,,,,,,,,,/Users/apigo/Desktop/Projects/QR-MW/traj_logs/seed_baseline/MastodonShareLocationTask/traj.json,
MastodonUnfollowTask,14,1.0,success,"manage my following list on Mastodon, only keep the latest three users, and unfollow all other users.",11,1,,5,1,,,5,,,/Users/apigo/Desktop/Projects/QR-MW/traj_logs/seed_baseline/MastodonUnfollowTask/traj.json,/Users/apigo/Desktop/Projects/QR-MW/traj_logs/seed_baseline/MastodonUnfollowTask/result.txt
MastodonUpdateContactsTask,50,0.0,failure,"My friend Olivia has left new phone and email information in the latest post on Mastodon, please update the information to my contacts, and send a text message to Olivia, the content of the text message should be 'Hello, how are you'. Remember to set the email label to internet.",13,1,1,4,1,,2,4,2,,/Users/apigo/Desktop/Projects/QR-MW/traj_logs/seed_baseline/MastodonUpdateContactsTask/traj.json,/Users/apigo/Desktop/Projects/QR-MW/traj_logs/seed_baseline/MastodonUpdateContactsTask/result.txt
MattermostBudgetApprovalPipelineTask,50,0.0,failure,"Review the 'budget-approvals-q4' channel for budget requests from different departments. Each request includes ROI calculations using mathematical formulas.

Your tasks:
1. Identify all budget requests that exceed $50,000 (these require executive approval).
2. Calculate and identify which department has the HIGHEST projected ROI based on the NPV (Net Present Value) formula results posted in the channel.
3. Post a consolidated budget summary in the channel with a markdown table showing:
   - Department name
   - Requested amount
   - Projected ROI
   - Approval status (Executive Required or Standard)",14,,,2,1,,8,2,,1,/Users/apigo/Desktop/Projects/QR-MW/traj_logs/seed_baseline/MattermostBudgetApprovalPipelineTask/traj.json,/Users/apigo/Desktop/Projects/QR-MW/traj_logs/seed_baseline/MattermostBudgetApprovalPipelineTask/result.txt
MattermostCreateChannelTask,46,1.0,success,Create a channel on Mattermost called 'reading' for paper reading. Add everyone to the channel and greet everyone with a welcome message.,26,3,2,10,,,4,10,3,,/Users/apigo/Desktop/Projects/QR-MW/traj_logs/seed_baseline/MattermostCreateChannelTask/traj.json,/Users/apigo/Desktop/Projects/QR-MW/traj_logs/seed_baseline/MattermostCreateChannelTask/result.txt
MattermostCustomerFeedbackAnalysisTask,50,0.0,failure,"Analyze the 'customer-feedback' channel. Identify all NEGATIVE feedback items (complaints, bugs, issues). 1. Send a summary email to 'product@company.com' with subject 'Weekly Negative Feedback Digest' listing these items.
2. Schedule a meeting 'Feedback Review' for next Friday at 14:00 in the Calendar.
3. Reply to the channel with 'Feedback logged and meeting scheduled'.",16,,,4,,,11,4,,,/Users/apigo/Desktop/Projects/QR-MW/traj_logs/seed_baseline/MattermostCustomerFeedbackAnalysisTask/traj.json,/Users/apigo/Desktop/Projects/QR-MW/traj_logs/seed_baseline/MattermostCustomerFeedbackAnalysisTask/result.txt
MattermostDeadlineReconciliationTask,50,0.0,failure,"I suspect there's a discrepancy between what was discussed and what got documented. Please verify by checking the project-updates channel on Mattermost for any messages mentioning 'deadline' or 'milestone'. For each deadline mentioned, check if there's a corresponding calendar event within ±2 days of the mentioned date. Generate a reconciliation report showing: Deadlines with matching calendar events (PASS), Deadlines WITHOUT calendar events (- Missing), Calendar events not mentioned in chat (📅 Untracked). Email this report to dylan@gmail.com with subject 'Deadline Audit Report'. For each missing calendar event, create it with title '[AUTO] {deadline description}' and post confirmation in the project-updates channel listing the created event titles.",24,,,7,3,,8,7,,,/Users/apigo/Desktop/Projects/QR-MW/traj_logs/seed_baseline/MattermostDeadlineReconciliationTask/traj.json,/Users/apigo/Desktop/Projects/QR-MW/traj_logs/seed_baseline/MattermostDeadlineReconciliationTask/result.txt
MattermostEmailTask,50,0.0,failure,Sam has sent me a signed contract on Mattermost. Send it to our Legal (legal@company.com) through email. Include the tracking code. Send sam a quick confirmation when you're done. Thanks.,13,1,,6,,,1,6,,,/Users/apigo/Desktop/Projects/QR-MW/traj_logs/seed_baseline/MattermostEmailTask/traj.json,/Users/apigo/Desktop/Projects/QR-MW/traj_logs/seed_baseline/MattermostEmailTask/result.txt
MattermostIncidentEscalationTask,50,0.0,failure,"Monitor the 'support-tickets' channel for CRITICAL incidents. If a critical ticket is found:
1. Create a dedicated channel named 'incident-<ticket_id>' (e.g., incident-ticket-123).
2. Add user 'sam.oneill@neuralforge.ai' to this new channel.
3. Email 'cto@company.com' with subject 'CRITICAL INCIDENT: <ticket_id>' and the issue description.
4. Schedule a 'Discussion on <ticket_id>' meeting for tomorrow at 09:00 AM in the calendar.",24,4,4,2,,,15,2,8,,/Users/apigo/Desktop/Projects/QR-MW/traj_logs/seed_baseline/MattermostIncidentEscalationTask/traj.json,/Users/apigo/Desktop/Projects/QR-MW/traj_logs/seed_baseline/MattermostIncidentEscalationTask/result.txt
MattermostProjectHandoverTask,50,0.0,failure,I'm passing the Phoenix project to Alex. Add Alex to the phoenix channel on mattermost.  ping everyone to schedule a 1-hour project meeting on Monday (find an available time slot from my calendar). Use this exact format in your message: `Meeting Time: [YYYY-MM-DD] from [HH:MM] to [HH:MM]`,25,3,1,8,1,,7,8,,,/Users/apigo/Desktop/Projects/QR-MW/traj_logs/seed_baseline/MattermostProjectHandoverTask/traj.json,/Users/apigo/Desktop/Projects/QR-MW/traj_logs/seed_baseline/MattermostProjectHandoverTask/result.txt
MattermostProjectStatusReportTask,50,0.0,failure,"I need a comprehensive project status report. Check these Mattermost channels: 'backend-team', 'frontend-team', and 'qa-team' for status updates. For each team, identify items marked as 'blocked', 'at-risk', or 'on-track'. Cross-reference with calendar milestones to verify if timeline claims are accurate. Generate a risk matrix report in the following format: 
On Track (status=on-track AND milestone exists within 3 days): <item name>, <item name>, ... (and so on for all on-track items) 
At Risk (status=at-risk OR no milestone found): <item name>, <item name>, ... (and so on for all at-risk items) 
Blocked (explicitly marked blocked): <item name>, <item name>, ... (and so on for all blocked items) 
Email this report to 'pm@company.com' with subject 'Sprint Status Risk Matrix'. For any blocked items, create a calendar event titled '[ESCALATION] {item name}' on the next business day at 10:00-10:30. Post a summary in the 'project-sync' channel with the counts: X on-track, Y at-risk, Z blocked.",4,,,1,,,2,1,,,/Users/apigo/Desktop/Projects/QR-MW/traj_logs/seed_baseline/MattermostProjectStatusReportTask/traj.json,/Users/apigo/Desktop/Projects/QR-MW/traj_logs/seed_baseline/MattermostProjectStatusReportTask/result.txt
MattermostReadingGroupTask,35,0.0,failure,Please help me complete the task in mattermost reading group following sam's request.,33,2,2,14,,,1,14,,1,/Users/apigo/Desktop/Projects/QR-MW/traj_logs/seed_baseline/MattermostReadingGroupTask/traj.json,/Users/apigo/Desktop/Projects/QR-MW/traj_logs/seed_baseline/MattermostReadingGroupTask/result.txt
MattermostReplyToMessageTask,9,1.0,success,I just got our OSWorld eval SR result (35.5). Reply to my own earlier message in AI-Research on mattermost with the result.,2,1,1,,,,,,,,/Users/apigo/Desktop/Projects/QR-MW/traj_logs/seed_baseline/MattermostReplyToMessageTask/traj.json,/Users/apigo/Desktop/Projects/QR-MW/traj_logs/seed_baseline/MattermostReplyToMessageTask/result.txt
MattermostResourceConflictResolutionTask,50,0.0,failure,"Check the 'resource-booking' channel on Mattermost for resource requests. Cross-reference each request with the calendar to determine status. Send a report email to 'facilities@company.com' with subject 'Resource Booking Conflicts' in the following format:
APPROVED: <resource>, <resource>, ... (no calendar conflict)
CONFLICT: <resource>, <resource>, ... (overlaps existing booking)
For approved requests, add calendar events titled 'BOOKED: [resource] - [requester]'. For conflicts, DM the requester about the issue.",10,1,,5,,,,5,,,/Users/apigo/Desktop/Projects/QR-MW/traj_logs/seed_baseline/MattermostResourceConflictResolutionTask/traj.json,/Users/apigo/Desktop/Projects/QR-MW/traj_logs/seed_baseline/MattermostResourceConflictResolutionTask/result.txt
MattermostSendFileTask,14,1.0,success,It's alex's 21st birthday today. Send a birthday message to him privately on mattermost. Upload a birthday cake image to the message.,0,,,,,,,,,,/Users/apigo/Desktop/Projects/QR-MW/traj_logs/seed_baseline/MattermostSendFileTask/traj.json,/Users/apigo/Desktop/Projects/QR-MW/traj_logs/seed_baseline/MattermostSendFileTask/result.txt
MattermostShiftCoverageTask,50,0.0,failure,"Review shift swap requests in 'shift-requests' channel. Check the Calendar for any conflicts on the requested dates. If there is a conflict (e.g. 'All Hands' or 'Training'), reply to the request in the channel with 'Denied: [Reason]'. If there is no conflict, forward the request via email to 'hr@company.com' with subject 'Shift Swap Request' and reply to the user 'Request escalated to HR'.",10,,,1,,,8,1,,1,/Users/apigo/Desktop/Projects/QR-MW/traj_logs/seed_baseline/MattermostShiftCoverageTask/traj.json,/Users/apigo/Desktop/Projects/QR-MW/traj_logs/seed_baseline/MattermostShiftCoverageTask/result.txt
MattermostTechnicalDebtTriageTask,50,0.0,failure,"Review the 'tech-debt-review' channel on Mattermost for technical debt discussions. Team members have posted complexity analysis using mathematical formulas. Your tasks:
1. Identify the module with the HIGHEST complexity score (look for the LaTeX formula results).
2. Send Sarah an SMS with the highest-priority module name and its complexity score.
3. Create a new contact named 'Refactoring Team' with phone number '15559876543' and add the company 'TechDebt Solutions Inc'.
4. Post a summary in the 'tech-debt-review' channel listing all modules sorted by complexity (highest first) in a markdown table format.",12,,,1,,,10,1,,,/Users/apigo/Desktop/Projects/QR-MW/traj_logs/seed_baseline/MattermostTechnicalDebtTriageTask/traj.json,/Users/apigo/Desktop/Projects/QR-MW/traj_logs/seed_baseline/MattermostTechnicalDebtTriageTask/result.txt
MattermostVisualInstructionResponseTask,50,0.0,failure,"Check the 'emergency-response' channel on Mattermost. The operations manager has posted a whiteboard photo with emergency contacts and shift times. Please:
1. Create new contacts for the people listed in the 'Emergency Contacts' image. Only fill the first name and phone number.
2. Set alarms for the shift start times listed in the 'Shift Schedule' image, using the shift name as the alarm label.",47,,,19,2,1,18,19,,,/Users/apigo/Desktop/Projects/QR-MW/traj_logs/seed_baseline/MattermostVisualInstructionResponseTask/traj.json,/Users/apigo/Desktop/Projects/QR-MW/traj_logs/seed_baseline/MattermostVisualInstructionResponseTask/result.txt
OpenFlightModeTask,5,1.0,success,Turn on device flight mode,2,1,1,,,,,,,,/Users/apigo/Desktop/Projects/QR-MW/traj_logs/seed_baseline/OpenFlightModeTask/traj.json,/Users/apigo/Desktop/Projects/QR-MW/traj_logs/seed_baseline/OpenFlightModeTask/result.txt
PhotoManagementTask,43,0.0,failure,Find all my food pics from the past month and help me classify them into different folders named travel locations. You can find where I visited from calendar.,12,1,1,4,,,2,4,1,1,/Users/apigo/Desktop/Projects/QR-MW/traj_logs/seed_baseline/PhotoManagementTask/traj.json,/Users/apigo/Desktop/Projects/QR-MW/traj_logs/seed_baseline/PhotoManagementTask/result.txt
ReadQwen3PaperTask1,31,0.0,failure,Read the downloaded Qwen3 paper and indicate by how many points Qwen3-32B (Thinking) lags behind the best model on the AIME25 benchmark. The answer should consist of only a single number representing the score difference.,29,,,3,,,25,3,,1,/Users/apigo/Desktop/Projects/QR-MW/traj_logs/seed_baseline/ReadQwen3PaperTask1/traj.json,/Users/apigo/Desktop/Projects/QR-MW/traj_logs/seed_baseline/ReadQwen3PaperTask1/result.txt
ReadQwen3PaperTask2,50,0.0,failure,Read the downloaded Qwen3 paper and tell me how many core contributors in this paper. The answer should consist of only a single number.,42,6,6,7,,,22,7,,,/Users/apigo/Desktop/Projects/QR-MW/traj_logs/seed_baseline/ReadQwen3PaperTask2/traj.json,/Users/apigo/Desktop/Projects/QR-MW/traj_logs/seed_baseline/ReadQwen3PaperTask2/result.txt
ReadQwen3PaperTask3,40,0.0,failure,Read the downloaded Qwen3-Omni paper and tell me how many benchmarks are used in evaluting the Text to Text performance of Qwen3-Omni-Thinking model. The answer should consist of only a single number.,31,8,8,2,2,,16,2,2,1,/Users/apigo/Desktop/Projects/QR-MW/traj_logs/seed_baseline/ReadQwen3PaperTask3/traj.json,/Users/apigo/Desktop/Projects/QR-MW/traj_logs/seed_baseline/ReadQwen3PaperTask3/result.txt
ReadQwen3PaperTask4,36,1.0,success,Read the downloaded Qwen3-Omni paper and tell me the size of Vision encoder in Qwen3-Omni-30B-A3B model. The answer should consist of only a single number representing the size in MB.,36,4,4,9,1,,19,9,,,/Users/apigo/Desktop/Projects/QR-MW/traj_logs/seed_baseline/ReadQwen3PaperTask4/traj.json,/Users/apigo/Desktop/Projects/QR-MW/traj_logs/seed_baseline/ReadQwen3PaperTask4/result.txt
ReadQwen3PaperTask5,27,0.0,failure,Read the downloaded Qwen3 paper and tell me what kind of Austroasiatic language is supported by Qwen3 in Belebele Benchmark.The answer should be a list of languages separated by comma.No other text.,15,,,2,3,,9,2,,1,/Users/apigo/Desktop/Projects/QR-MW/traj_logs/seed_baseline/ReadQwen3PaperTask5/traj.json,/Users/apigo/Desktop/Projects/QR-MW/traj_logs/seed_baseline/ReadQwen3PaperTask5/result.txt
RecentTotalExpenseTask,9,1.0,success,"请帮我算一下在淘店上最近1个月我总共花了多少钱。请只回答一个整数, 不要返回任何其他文本.",0,,,,,,,,,,/Users/apigo/Desktop/Projects/QR-MW/traj_logs/seed_baseline/RecentTotalExpenseTask/traj.json,/Users/apigo/Desktop/Projects/QR-MW/traj_logs/seed_baseline/RecentTotalExpenseTask/result.txt
RequestCarpoolingTask,11,1.0,success,"Check my email for the time of the math competition tomorrow. If it's between 12 and 5 pm, text Daniel (3522228876) 'Hey, could you help send Bob to the competition tomorrow? Thanks.'",0,,,,,,,,,,/Users/apigo/Desktop/Projects/QR-MW/traj_logs/seed_baseline/RequestCarpoolingTask/traj.json,/Users/apigo/Desktop/Projects/QR-MW/traj_logs/seed_baseline/RequestCarpoolingTask/result.txt
ReviewPaperEmailTask,45,0.0,failure,查找手机Documents文件夹内所有review开头的pdf文件，移动在Document/paper下，并将paper目录下的所有文件，发送到chen@gmail.com，标题为paper。,6,,,,,,5,,5,1,/Users/apigo/Desktop/Projects/QR-MW/traj_logs/seed_baseline/ReviewPaperEmailTask/traj.json,/Users/apigo/Desktop/Projects/QR-MW/traj_logs/seed_baseline/ReviewPaperEmailTask/result.txt
SMSManagement,50,0.0,failure,"Check all unread sms messages, delete spams, and provide a summary of recruitment messages to me via email by sending to dylan@gmail.com. Note I'm only interested in open data scientist role.",6,,,1,,,4,1,,,/Users/apigo/Desktop/Projects/QR-MW/traj_logs/seed_baseline/SMSManagement/traj.json,/Users/apigo/Desktop/Projects/QR-MW/traj_logs/seed_baseline/SMSManagement/result.txt
ScheduleCoffeeTimeViaSmsTask,17,1.0,success,"I've received a coffee time invitation via text message; please check the calendar.If I am available in this time slot, reply ""OK"" and schedule a corresponding event on my calendar.Otherwise reply ""Not available in this time slot.""",7,,,2,1,,2,2,,,/Users/apigo/Desktop/Projects/QR-MW/traj_logs/seed_baseline/ScheduleCoffeeTimeViaSmsTask/traj.json,/Users/apigo/Desktop/Projects/QR-MW/traj_logs/seed_baseline/ScheduleCoffeeTimeViaSmsTask/result.txt
ScheduleLunchViaSmsTask,18,0.0,failure,"I've received a lunch invitation via text message; please reply ""OK"" and schedule a corresponding event on my calendar.",6,,,2,,,1,2,,1,/Users/apigo/Desktop/Projects/QR-MW/traj_logs/seed_baseline/ScheduleLunchViaSmsTask/traj.json,/Users/apigo/Desktop/Projects/QR-MW/traj_logs/seed_baseline/ScheduleLunchViaSmsTask/result.txt
SearchItemAndCheckoutTask,13,1.0,success,万圣节快到了，帮我在淘店下单买一套临时纹身，在支付页面让我操作,0,,,,,,,,,,/Users/apigo/Desktop/Projects/QR-MW/traj_logs/seed_baseline/SearchItemAndCheckoutTask/traj.json,/Users/apigo/Desktop/Projects/QR-MW/traj_logs/seed_baseline/SearchItemAndCheckoutTask/result.txt
SendFormsTask,50,0.0,failure,"Please check my email for any field trip forms sent from October 3rd onward.Download all of them and send them to principal@school.edu with the subject 'Field Trip Forms'. Then, tell me how many forms you found as a single number.",17,,,6,,,5,6,1,,/Users/apigo/Desktop/Projects/QR-MW/traj_logs/seed_baseline/SendFormsTask/traj.json,/Users/apigo/Desktop/Projects/QR-MW/traj_logs/seed_baseline/SendFormsTask/result.txt
SendInterviewEmailTask,11,0.0,failure,"Find Kevin's resume and send an email to Kevin saying: ""Your interview is scheduled for tomorrow morning at 10:30 AM.""",1,,,,,,,,,1,/Users/apigo/Desktop/Projects/QR-MW/traj_logs/seed_baseline/SendInterviewEmailTask/traj.json,/Users/apigo/Desktop/Projects/QR-MW/traj_logs/seed_baseline/SendInterviewEmailTask/result.txt
SendInterviewInvitationTask,48,1.0,success,"Find Kevin's resume and send a text message to Kevin saying: ""Your interview is scheduled for tomorrow morning at 10:30 AM.""",23,,,8,,,10,8,,,/Users/apigo/Desktop/Projects/QR-MW/traj_logs/seed_baseline/SendInterviewInvitationTask/traj.json,/Users/apigo/Desktop/Projects/QR-MW/traj_logs/seed_baseline/SendInterviewInvitationTask/result.txt
SendWaiverTask,20,1.0,success,Send the file 'waiver.jpg' as an email attachment to bob@gmail.com. Title the email 'Updated waiver'.,2,1,1,,,,,,,,/Users/apigo/Desktop/Projects/QR-MW/traj_logs/seed_baseline/SendWaiverTask/traj.json,/Users/apigo/Desktop/Projects/QR-MW/traj_logs/seed_baseline/SendWaiverTask/result.txt
SetAlarmTask,16,1.0,success,"Set a weekend alarm for 8:25 a.m. with the ringtone ""beebeep"" and vibration off. ",2,,,1,,,,1,,,/Users/apigo/Desktop/Projects/QR-MW/traj_logs/seed_baseline/SetAlarmTask/traj.json,/Users/apigo/Desktop/Projects/QR-MW/traj_logs/seed_baseline/SetAlarmTask/result.txt
SharePhotosTask,14,1.0,success,"Find all flowers pictures in gallery and send them via email to kevin_zhang@example.com, with text ""Here are some flowers for you.""",0,,,,,,,,,,/Users/apigo/Desktop/Projects/QR-MW/traj_logs/seed_baseline/SharePhotosTask/traj.json,/Users/apigo/Desktop/Projects/QR-MW/traj_logs/seed_baseline/SharePhotosTask/result.txt
SuggestPaperTask,29,1.0,success,Reply to Tony's email asking for paper suggestions with a pdf of the ddpm paper (save the pdf to Download with the name `ddpm.pdf`).Mention the full name and the abstract of the paper in the email body.,0,,,,,,,,,,/Users/apigo/Desktop/Projects/QR-MW/traj_logs/seed_baseline/SuggestPaperTask/traj.json,/Users/apigo/Desktop/Projects/QR-MW/traj_logs/seed_baseline/SuggestPaperTask/result.txt
SumFileLinesTask,50,0.0,failure,"Check the all files inside the earliest zip file from July in the Downloads directory and count how many lines it contains in total. Respond only with an integer representing the line count, with no other text.",37,8,8,10,1,,3,10,,,/Users/apigo/Desktop/Projects/QR-MW/traj_logs/seed_baseline/SumFileLinesTask/traj.json,/Users/apigo/Desktop/Projects/QR-MW/traj_logs/seed_baseline/SumFileLinesTask/result.txt
TakeSelfieTask,8,1.0,success,Take a photo.,4,2,2,,,,,,,,/Users/apigo/Desktop/Projects/QR-MW/traj_logs/seed_baseline/TakeSelfieTask/traj.json,/Users/apigo/Desktop/Projects/QR-MW/traj_logs/seed_baseline/TakeSelfieTask/result.txt
TextArrivalTimeTask,27,0.0,failure,Search up how long it takes to drive from Orlando to Miami.Text Susan (4538997638) the approximate time I'll be there if I leave at 5 pm.,14,4,3,2,,,3,2,1,1,/Users/apigo/Desktop/Projects/QR-MW/traj_logs/seed_baseline/TextArrivalTimeTask/traj.json,/Users/apigo/Desktop/Projects/QR-MW/traj_logs/seed_baseline/TextArrivalTimeTask/result.txt
ThanksgivingPrepTask,0,,missing,,0,,,,,,,,,,/Users/apigo/Desktop/Projects/QR-MW/traj_logs/seed_baseline/ThanksgivingPrepTask/traj.json,
